{
  "customers": [
    {
      "id": 77,
      "name": "Ganesh",
      "email": "gk@gmail.com",
      "phone": 7656466466
    },
    {
      "id": 75,
      "name": "Prithvi",
      "email": "pr@gmail.com",
      "phone": 5464566555
    },
    {
      "id": 87,
      "name": "Sivakumar",
      "email": "siva@gmail.com",
      "phone": 3635555555
    },
    {
      "id": 31,
      "name": "Kumar",
      "email": "ravan@gmail.com",
      "phone": 7577777577
    },
    {
      "id": 4535,
      "name": "Saisaranam",
      "email": "sai@gmail.com",
      "phone": 6657657657
    }
  ]
}